<?xml version="1.0" encoding="UTF-8"?>
<!DOCTYPE suite SYSTEM "http://testng.org/testng-1.0.dtd">
<suite name="All Test Suite">
    <test verbose="2" preserve-order="true"
          name="C:/Users/gulfa/IdeaProjects/qaQingify/src/test/java/TestScript/ValidateToLogin.java">
        <classes>
            <class name="TestScript.ValidateToLogin">
                <methods>
                    <include name="validateUrlPage_LandingPage"/>
                    <include name="validateLoginPageLogoDisplay"/>
                    <include name="validateSocialMediaIcons"/>
                    <include name="validateUsername_PasswordIcon"/>
                    <include name="validateUsernameAndPasswordTextBoxEnabled"/>
                    <include name="validatePlaceholderIsDisplay"/>
                    <include name="validateLoginWithoutUsernameAndPassword"/>
                    <include name="validateLoginWithoutPassword"/>
                    <include name="validateLoginWithoutUsername"/>
                    <include name="validateRememberMeUses"/>
                    <include name="validateLoginWithSpaces"/>
                    <include name="validateLogin"/>
                    <include name="validateTabAndEnterBtnWorking"/>
                    <include name="validateAmountListSorted"/>
                </methods>
            </class>
        </classes>
    </test>
</suite>